user_id,q0,q1,q2,q3,q4,q5,q6,q7,q8,q9,q10,q11,q12,q13,q14,q15,q16,q17,q18,q19,q20,q21,q22,q23,q24,q25,q26,q27,q28,q29,q30,q31,q32,q33,q34,q35,q36,q37,q38,q39,q40,q41,q42,q43,q44,q45,q46,q47,q48,q49,q50,q51,q52,q53,q54,q55,q56,q57,q58,q59,q60,q61,q62,q63,q64,q65,q66,q67,q68,q69,q70,q71,q72,q73,q74,q75,q76,q77,q78,q79,q80,q81,q82,q83,q84,q85,q86,q87,q88,q89,q90,q91,q92,q93,q94,q95,q96,q97,q98,q99,q100,q101,q102,q103,q104,q105,q106,q107,q108,q109,q110,q111,q112,q113,q114,q115,q116,q117,q118,q119,q120,q121,q122,q123,q124,q125,q126,q127,q128,q129,q130,q131,q132,q133,q134,q135,q136,q137
ad891c53-01c6-4812-bb2a-21f0175490be,,,0.74,,,1,,,,0.72,0.91,,,,,0.75,,0.65,,,,,,,,,0.55,,,,,,,,,,0.59,,0.81,,0.63,,0.61,,,,,,,0.5,,,,,,0.35,,,0.54,,0.96,,0.59,,,,0.6,,,,,,0.63,,,,0.62,,0.66,,,0.5,,,0.85,0.65,,0.53,,0.75,,,,,,,0.83,,,0.64,,,0.7,0.76,,,,,,,0.81,,0.75,,0.6,,,,,,,,,,0.81,,,,,,0.8,0.7,,0.75,,,0.84,
639ebf23-6887-4b50-9bb7-ea6f02d3cffd,0.54,,,,0.38,,,0.91,,,,0.97,0.74,,,0.65,,,,0.76,,,,,,1,0.94,,,,,0.86,,0.88,0.61,0.73,,,,0.59,,0.55,0.61,,,0.71,,,,,0.68,0.52,,,0.81,0.56,0.64,,,,,,0.65,0.87,0.64,0.61,,0.81,,,,0.65,0.72,,,,,0.57,,,0.5,,,,,,,0.93,0.65,,0.77,,,,0.6,,0.7,,,,,0.73,,,,,,0.74,,0.86,0.71,0.75,,,,,0.82,0.76,0.8,,,0.87,0.74,,,,,,,,,0.67,,,,0.76,,
d3489217-6a82-4db0-aee2-66df25a2378b,0.84,,0.63,,0.3,0.76,,,,,0.56,0.36,0.58,0.52,,,0.63,,,0.15,0.44,0.2,0.61,,0.15,,,0.4,,,,,,,,,0.33,0.62,,0.95,0.62,,,,,,0.75,,,0.43,,0.74,,,,,0.65,0.48,,,,0.61,0.59,,0.48,,,,,,,,,,0.33,0.52,,,,,,,,,,,0.76,0.5,,,,,,,0.55,0.59,0.62,0.37,0.72,,,0.72,0.72,0.51,,0.94,0.75,0.78,,0.66,0.55,,,,,,,0.32,,,,,,0.46,,,,,0.4,0.3,,,,,0.6,,0.43,0.54
9ea9febe-cbe0-483b-8f82-012b3002ea5f,,,,,0.88,0.46,0.09,,0.65,0.13,,,,,,,,,,,,0.86,0.64,0.74,0.22,0.58,,,,,,0.5,0.52,,,,0.23,,,0.73,0.52,,,0.69,,,,,,0.58,0.6,,,,,,0.61,0.77,,,,0.41,,,,,,0.43,,,,0.76,0.5,0.52,0.78,,0.49,,0.73,,0.68,,,,0.26,,,,,,,0.46,0.22,0.28,,,,,0.59,,,,,,,,,,,,,0.37,,,,0.49,0.45,0.32,,,0.62,,,0.56,0.53,,,,,0.48,0.34,0.32,,,,,,0.5
7fd004f5-9d4d-4a9a-995b-6050d3869357,,,,,,,0.51,,,,,,0.67,,0.78,,0.73,,,0.65,0.78,0.67,0.8,0.72,,,,,,,,0.78,0.74,,,,0.55,,,,,,,,,,,,0.96,,,,,,,,,,,,0.88,,,,,,,,,,0.65,,,,0.7,,,,,,,,,,,0.74,,0.62,,0.51,,0.56,,,,0.75,,,,,,0.93,,0.7,,,,,0.53,,,,0.63,,,,,0.69,,,,,0.72,,0.81,,,,,,,0.69,,,,,0.9,
6f6bf26c-54b0-4ea0-a5fd-39cdb45c9683,,,,,,,,,,,0.91,,0.63,,,0.62,,,0.67,0.72,,,,,0.73,,,,,0.77,0.63,,,,,,,0.86,0.62,,,0.69,,,,0.56,,,,,0.78,,,0.55,,0.8,,,0.6,,1,0.67,,0.98,,0.73,,0.71,,,,,,0.85,0.68,,0.49,,,,,,,,,0.84,,,,,,0.72,0.75,,,,,0.79,,,0.59,,0.61,,,,0.83,,,,0.8,0.63,0.64,0.72,0.53,,0.69,,0.59,,,,,,,,,,,,,,0.72,,,,0.9,0.64
9e4313b1-785f-42ac-bcce-61935cc73078,0.59,0.72,0.7,0.65,,,0.68,,,,,,,,,,,,,,0.72,0.56,,0.78,0.45,,0.55,,,,0.68,0.48,,,0.72,0.64,,,0.48,,0.58,0.56,,,0.65,,,0.91,,0.41,,,,,,0.72,,,,,,,,0.96,,,0.33,0.66,0.72,,0.69,0.54,,,,,0.25,,0.52,,,,,0.55,,0.57,0.68,,0.69,,0.63,0.79,,,0.62,,0.58,,,,,,,0.63,,,0.72,,,,0.62,,,,0.29,,0.44,,,,,0.44,,0.67,,0.43,,0.38,0.3,,0.4,,,,0.4,,0.32,
96062fed-f9e5-45bf-8e1d-bd2b0abdbfcb,0.63,0.57,0.66,0.71,,,,,,,0.71,,1,0.74,,,0.58,0.76,,1,0.75,,,,,,0.98,,0.9,,0.8,,0.47,,,,,0.89,,0.66,,,0.59,0.54,,,,0.44,,,,0.62,0.72,0.65,,,,,,,,,,,,0.64,,,,0.64,,,0.56,0.77,,0.83,0.72,,0.73,,,0.85,,0.69,0.41,0.36,,,0.29,,0.21,,,,,,,0.64,,0.78,,,,0.64,,0.36,,0.44,,0.54,,,,,,0.58,,,0.53,,,,,,,0.74,,,0.49,0.52,0.69,0.45,,,0.5,,0.71,0.48
512c6a13-a3c2-4c9e-aee2-ec019a4ca437,,,0.67,,,,,0.44,0.85,,0.86,,,0.76,,,0.65,,,1,,1,1,,,1,0.97,0.95,,1,,,0.72,,,0.56,,,,0.86,,,0.72,0.89,0.84,0.82,0.93,,0.73,0.95,,,,,,,0.87,,,0.64,0.74,0.62,,,,,,,0.81,,0.65,,,,,0.87,0.9,,0.99,0.93,,,,,,,,,,0.43,,0.61,,,,,1,,0.88,,0.98,,,0.74,,,0.7,,,,,,,,,,0.58,,,0.53,,,0.84,,,,0.65,0.74,0.58,,0.7,,,,,0.85,,0.72
e7e31ccb-a9ce-4248-afc8-74026d30ed60,,0.61,,0.52,,,,0.43,0.64,0.37,0.52,,,,,0.52,,,0.94,,0.92,0.92,,,,,,1,0.94,,,,,,,,,,,0.97,0.53,0.68,0.54,0.73,0.58,,,0.64,,,,,,,,,,0.66,,,0.65,0.63,0.64,,,,,,,,,,0.65,,0.57,,,,0.65,0.63,0.68,,0.61,,,,0.4,0.19,,0.46,,,0.51,,,,,,,,,0.78,,,0.75,,0.55,,,,,,0.58,0.66,,,,,0.57,,,,0.54,,,0.66,0.48,,0.42,,0.42,,,,,,,
c9323f34-c442-4ed8-87fa-f2f7c3b5438d,0.89,,,,0.19,,0.93,,0.6,,,,,,0.52,,,,,,,,,0.56,0.24,,0.42,,,,0.34,,0.68,0.83,0.45,,,,,,0.73,,,0.73,0.54,,,0.67,,0.27,,,,,,,,0.44,,,,,,,0.46,,0.2,0.24,,0.4,,,0.55,,0.12,0.5,0.16,0.42,,,,,,,,,0.54,0.35,,,,,,,,,,,,0.27,,,0.39,0.45,,0.93,,0.82,,,,,0.58,0.68,,,,,,,0.43,,,,,,,,,,,,,0.25,,0.35,,
cb4dbda5-b72f-47d5-97af-099796f906fe,,,,0.68,,,,0.81,,,0.65,0.78,0.86,,,,,,0.89,,,,,1,,0.74,,,,0.66,0.58,,1,,,,,0.89,,,0.59,,0.76,,,0.81,0.69,,1,0.83,0.88,,,,0.86,0.84,,,,,,,0.72,1,,0.78,,,0.61,,,0.65,,,0.48,,0.28,0.8,,,0.5,0.64,0.56,,,,,,0.7,,,,,,,,,,,0.6,,0.8,,,0.94,,1,,,0.91,0.67,,,0.78,,,,,,,,0.64,,,0.62,0.72,,,,,0.58,,,,0.68,,,0.74
92012dbe-f223-4926-9fd5-55ddc5a7d3a5,,0,,,0.46,,,0.67,,,,,,,0.4,,,0.56,,,,,0.9,,0.36,0.72,,,0.81,0.66,,,,,0.45,,,,,0.75,,,,0.63,0.47,0.53,0.6,,,,,,0.75,,0.34,0.6,0.43,,0.52,,,0.46,,,,,,0.22,,,0.45,,,,,0.41,,,0.21,,0.45,,,0.28,,0.38,,,0.52,,,,0.52,,,,0.49,,,0.58,,0.46,0.57,0.52,0.44,,,,,,0.71,,,0.57,,,0.19,,,0.21,,0.32,0.36,0.38,0.38,,,0.22,,,,,,0.3,,,,
459f4f49-f4f6-4d57-945e-c7b07507e010,0.87,,,,,0.65,0.25,,,,,,,,,,,0.59,0.53,0.51,0.57,,,,0.28,,,0.56,,,,0.51,0.68,,,,0.35,,0.2,0.69,0.67,,,0.46,0.6,,0.55,0.36,0.51,,0.68,0.72,,,,,,,,0.29,,,,,0.54,,,0.4,0.64,,0.55,0.46,,,,,,,0.71,,0.7,,,,,,,0.03,,0.49,,0.3,0.3,,,0.74,,0.48,0.66,0.89,,0.81,,,,,,0.72,0.3,,,,0.33,,,,,0.23,,0.45,,,,,,,0.38,0.36,,0.23,,,,0.24,,0.3,0.36,
4899d07c-b2bd-416c-9ffb-dea81ced98fc,0.61,,,,,0.43,,,,,,0.57,,0.38,0.52,,0.33,,,,0.75,,0.6,0.59,,,0.56,0.6,0.62,0.68,,0.71,,,,,0.68,,0.68,0.45,0.47,0.55,,0.58,0.57,0.55,0.56,,0.56,,,0.47,,0.52,,0.61,,,0.49,,,,,,,,0.52,0.71,,,,0.49,,0.33,0.47,,,,,,,0.13,0.32,,,,,0.5,,,,,,,,0.4,,0.49,,,,,0.44,,,0.58,,0.44,0.53,,,0.48,,0.72,0.73,,0.66,0.46,,0.55,,,,,0.49,0.74,,,,,,0.58,,,,,,
04465f4b-e4d2-477c-8823-5b283328f078,0.55,0.54,,0.69,,1,,,0.81,0.2,,0.81,0.46,,,0.61,0.49,,0.76,,0.76,,,,,,,,,,,,,,,,,,,0.65,0.76,,0.75,,,0.5,0.86,,0.95,,,0.91,0.72,,,0.68,,,,,,,,0.92,,,,,,,,0.91,,0.78,0.41,0.72,,,0.46,,0.53,,0.48,0.68,,,,0.26,0.72,,,,,,,0.71,,,,,0.79,0.78,0.75,,0.65,0.94,0.83,0.9,,,,,,,0.52,0.54,,,,,,,,0.59,,0.72,0.42,,,,,,,,,,0.57,
25020229-479f-4586-a99a-ca08a479bce6,,,,,,,,,,,,0.72,0.48,,,,,,0.69,,,,,,0.45,,,0.54,,,,,,,,,,0.64,0.59,0.37,,,0.5,,0.4,0.6,0.15,0.26,0.09,0.16,0.24,,0.12,,0.22,,,,,,,,,0.54,,0.39,,,,,0.46,0.42,0.38,,,,,0.24,0.37,0.35,,,,0.34,0.7,,,0.45,0.73,0.6,,,,,,0.4,,,,,,,,0.46,,0.84,,,0.56,,0.54,,0.67,0.82,,,,,,0.4,0.77,0.77,,,,,,,,,,0.46,,,0.52,,,
ac01dab6-2642-4a8e-b8e2-47380b2a170c,,,1,0.49,0.13,0.45,1,0.94,,,0.33,,0.54,,0.65,,,,,0.49,,,,,0.22,,0.67,0.6,0.71,0.51,,,,,0.67,,,,,,,,0.6,,,,,,0.48,,,,,,0.49,,,,,,,,,,0.53,,,,,,,,,,,0.67,,0.52,0.47,,,,,0.28,,0.72,,,,,0.7,,,,0.46,,0.36,0.31,,,0.38,0.42,,,,,,0.91,,,,,,,,,0.52,0.23,,0.32,0.68,,,,,0.63,,0.55,,0.53,,,,0.34,0.54,0.32,0.56,
6362cac7-9081-41af-8d0a-9aed321f3b7b,,,,0.58,,,0.73,,,,0.51,0.82,0.68,0.72,,,,,,,,,,,,,,,0.92,,0.98,,,0.97,0.87,,,,,,,,0.73,,0.79,0.83,,,,,,,,,0.79,0.71,,,,0.5,,0.9,,0.92,,0.66,,0.57,,,0.76,0.52,,0.66,,,0.45,,0.49,,,,,,0.98,,,0.54,,0.7,,,0.6,,0.65,,,,0.62,0.47,,0.68,,,,,,,,,,0.8,,,,,,,,,0.57,1,,,,0.71,0.51,,,,,,,,0.45,,0.59,
92e5b803-b6df-43a8-ba98-43b3181ccf33,,,,0.54,,,0.55,0.74,0.77,,,,,0.43,,0.55,,,,0.41,,0.43,,,,0.4,,,,,,0.57,0.66,0.6,,0.57,0.56,,,,0.51,,,,,0.7,,0.72,,0.62,,,0.57,,0.43,,0.49,,0.57,0.63,,0.58,0.56,,,,0.63,,,,,0.51,0.64,,,,0.5,,,0.55,0.52,,0.28,,0.63,,,,,0.64,0.49,,,,,,,0.52,,0.39,0.42,,,,,,0.64,,,,,,,,0.64,0.6,0.54,0.56,0.66,,,0.61,0.71,,0.76,0.65,,,0.73,,,,,0.74,,0.59,0.87,
3dfa6381-5998-49af-a153-6f97d29d564f,0.66,0.78,0.04,0.82,0.57,,,0.93,0.6,,0.44,,0.54,,0.52,,,,0.88,0.61,,,0.72,,,0.93,0.73,,0.78,,0.7,0.56,,,0.91,0.9,,,,,0.62,,0.62,,,,0.62,,,,,0.98,0.64,0.6,,,,0.79,0.73,,0.79,0.64,0.74,0.98,,,,,0.71,,,0.76,,,0.38,,,0.58,0.53,,,0.55,,,0.78,,,0.37,,0.65,,,,0.75,,,,,,,,,,,,,,,,0.79,0.84,,,,0.58,,0.6,,,,,0.63,,,,,0.69,,,,,0.64,,0.67,,,0.64,
d1f5ed0c-69aa-4b05-8763-9b58b1a7623c,,,,,,,,0.67,,1,0.66,0.61,,,,0.69,,0.59,0.65,0.55,,0.67,,,0.74,,,,,,,,,,,,0.73,,0.66,,,,0.46,0.69,,,,,,,,0.55,,,,,,,,,,0.59,,0.6,0.44,0.36,,0.73,,,,,,,0.6,,,0.34,0.5,,0.54,,0.67,0.65,,,,,,,0.36,,,,,0.48,,,,,0.51,,,,0.37,0.31,,,,,0.48,0.44,,0.63,0.81,,,,0.64,0.79,,,0.64,,,,,,,0.56,0.69,,0.56,0.78,0.68,,0.64,
2b13efb7-5e98-48d3-bd4a-c03cc5bb0b47,0.58,,,,0.04,,,,,,,,,,,0.59,0.59,,0.75,,0.59,,,0.47,0.66,,,,,0.47,,,0.75,,,,,0.67,,,,0.47,,,,,,,0.52,0.52,0.54,0.56,,,,,,,0.65,,,0.65,0.64,0.65,,,0.69,,0.67,0.52,,,,,,,0.26,0.3,,,,0.22,,,,,0.82,0.79,,0.68,0.73,,,,,0.53,,0.61,,,0.31,,0.23,0.44,0.93,0.58,0.6,,,,,,,,,0.54,,,,,,,,,,,0.66,,,,,0.68,,,,0.71,,0.79
758c2c8f-b97e-445b-9f18-5c2a9f61edc1,,,,,,0.9,0.61,0.76,,,,0.75,,,0.77,,,,0.6,,,,0.44,,,0.51,0.47,,,,0.3,,0.73,0.62,0.61,0.74,,,,,,,,,,,,0.81,,0.69,,0.92,,0.4,,,0.73,0.67,,,0.6,0.85,0.73,0.7,0.56,,0.32,0.59,,,,0.51,,0.76,,0.6,,,0.5,,,,0.56,,,0.48,0.7,,0.57,,,,0.7,,,,,0.6,,,,0.49,0.73,,,,,0.97,,0.27,0.84,,,,,0.54,0.44,,0.58,,,0.64,0.5,,,,0.49,,,0.6,,0.47,,0.59,,,,
16bde9ff-95dc-4834-ad9b-8d117317f92a,0.56,,,,,,0,0.31,0.6,,,,0.68,0.71,,0.44,,,,,,,,,0.58,,,0.21,0.71,,,,0.62,0.36,,0.5,,,,,,,,0.61,,,,,,,0.65,0.57,0.4,,0.47,,0.44,,0.48,,0.69,,,,,,0.98,,0.66,0.85,,,,0.78,,,,,,0.63,,0.76,0.67,,,0.53,0.42,0.44,0.21,,,,0.29,,,,,,0.7,,,0.8,,0.71,0.52,,,,0.26,,,,,,0.84,,0.85,0.82,,,,,,0.74,,,0.77,,,,,0.7,,,0.7,,,
ad51f5b2-382b-46d2-aa34-b5f5cdb7a9a0,0.71,0.7,,0.63,,,0.92,1,,0.37,,,,,,,0.47,0.6,0.66,0.36,,0.42,0.62,,0.43,,,,0.52,0.54,0.57,,,0.68,,,0.34,,,,,,,0.62,0.7,,,,,,,,,0.39,,,,0.59,,0.57,,0.76,,,,,,0.39,,,,,,,,,,,,,,,0.38,0.45,,0.5,,,0.86,0.61,,0.7,0.61,0.77,0.46,,,0.23,,,0.4,,,0.47,,,,1,,,,0.94,,,,,0.3,0.26,,,,0.59,0.44,0.64,0.58,0.54,,,,,,0.3,0.63,,,0.46,,
7ad3ea1c-3fa1-464c-8352-59f69dbf1dfd,,,0.45,0.67,,,,,,,,,0.57,,,,,0.61,0.36,,,0.57,,,,,,,,,,,,0.26,,,0.44,,0.25,0.81,,0.38,0.53,0.6,,,0.43,,0.5,0.68,,,,,,,,,,,,,,,,,,0.36,0.41,0.5,,,,,,,,0.76,,0.72,,,,,,,,0,,,,,,0.28,,0.8,0.61,0.44,,,,,,,0.29,,,,,0.47,,0.37,,0.42,0.44,,,,0.2,,,,0.59,,0.65,,,,0.29,0.37,0.3,0.45,,0.47,0.33,0.52,,0.5
c00f2c48-294d-4373-8421-dec7fd8f3921,0.51,0.44,,,,,0.44,0.68,0.63,0.58,,,,,,0.6,,,0.44,0.26,0.62,,,0.43,,,,,,0.34,0.52,0.41,0.57,,,,,,0.67,,,0.5,,,0.55,0.47,,,,,,0.45,,0.52,,,,,,0.41,,,0.45,,,,0.66,0.54,0.43,0.52,,0.54,,0.5,0.61,,,0.31,0.54,0.35,,,,0.4,,0.64,,,,,0.46,0.34,,0.6,0.54,0.6,0.55,0.7,,0.51,,0.58,,,,,,,,0.66,0.63,,,,,0.5,,,,,,0.71,,,,,,,0.57,0.72,0.65,,,,,,,
549bd095-94fe-4ff5-bf0b-b00cf76244b3,0.63,0.54,,,,,,,0.71,,0.65,,0.69,,,0.73,,,,0.72,1,0.78,,,,0.96,,0.82,,,,,,,0.64,,,0.87,,0.74,0.56,0.52,0.56,,0.57,,0.6,,,,,0.81,0.63,,,,,,,0.54,0.66,,,,,,,,0.51,,0.73,,,,0.51,0.56,,0.64,,,,,,,,,0.67,,0.62,0.74,,,0.7,0.77,0.91,,,0.67,,,,,0.66,0.56,,,0.85,,,,0.76,,0.67,,0.66,0.57,,,,0.5,,,,0.68,,0.6,0.59,,0.58,,,0.41,0.71,,,,0.46,
b4f46995-5851-4236-b6ea-b1b90a49329e,,,,,,,,,,,,0.52,,,,,0.55,,0.79,,,,0.88,0.83,0.28,0.63,0.48,0.43,,,,,0.68,,0.4,,0.2,,,,,0.4,,0.41,0.43,0.47,0.52,0.55,,,,,,0.15,,0.54,0.33,,0.39,,,,0.62,0.76,0.48,,,,0.42,,,0.37,0.62,0.61,0.34,,,0.36,0.32,,,0.32,,0.31,0.6,,,,,,,,0.57,0.69,,,0.37,0.22,,,,,0.44,,,,,,,0.47,,,,0.46,,0.3,,,0.16,,,,0.42,,,,,0.4,0.29,0.49,,,0.34,0.53,,,,
c43e5af7-50ef-4bfa-95b0-16b65ab1afb8,,,,0.46,,,1,,,,,,,,,,,,,,0.35,,,0.1,,,0.25,,0.42,,,,,,0.62,0.81,,0.56,,,0.56,0.57,,,,,,0.64,,,,,,,,0.51,,,0.62,0.63,,,0.71,,,0.41,,,0.64,,,,0.72,0.63,0.54,,,,,0.31,,,,,,,,,,,,0.84,,,,,,,,,0.46,0.6,0.54,,,0.54,,,,,,,0.92,0.73,,,,0.74,,0.81,0.66,,,,0.7,,0.91,0.87,0.87,,,,,,,,,0.73
895604ef-ac2e-4fad-9393-9d72e68bfce9,,,,,1,,,0.25,,,,,0.6,,0.67,0.58,0.62,0.79,,,,,0.57,,,0.87,,,0.75,,,0.68,,,,0.63,,,,0.77,,,0.71,0.83,0.61,,,,,0.9,0.72,,0.57,,,,0.83,,0.86,,0.82,,0.51,,0.73,0.62,,,,,,,,,,,,0.89,0.99,,,0.97,,0.86,0.46,0.63,,0.46,,,0.42,,,,0.84,,1,1,,1,,0.91,,,,,,,,0.48,,,,0.43,0.63,,,0.85,,0.7,0.8,,,,,,,,0.7,0.66,,,,0.93,0.69,,,0.7
3d7d8478-d33b-4f3f-baa9-3c4f40c81190,1,0.7,,0.82,1,,,,,0.81,,1,,,0.61,,,0.71,,0.96,,,0.82,,0.77,,,,,,,,,0.56,,,,,,,,,,0.63,,,,,,,,,,,0.64,0.87,,,0.83,,,,,,,,,0.71,,,,,,0.7,,0.92,0.81,,0.82,1,,0.99,,,,0.54,,,0.41,,0.4,0.38,,0.41,0.94,,,,0.91,,,,,0.74,,0.58,,,0.43,0.53,,,,,0.82,,,,0.75,,1,,,,,,0.89,,,,0.71,,,,0.7,,,
1818896b-c294-44c1-ba27-45049ab638f1,,,1,,1,,,0.37,,,,,,0.78,,,,,,0.74,0.71,,0.89,0.76,,,0.78,,,,,,0.55,,0.64,,,,,,,,0.63,,0.84,,,,,0.79,,,,,,,,,,,,,0.41,,1,,,,0.75,,,0.83,,,,0.96,,0.97,,,0.87,,,,,,,,,,,,,,1,,,,,,,,0.83,0.92,0.77,,,,,0.49,0.57,,0.69,0.61,,,0.75,,,,0.99,0.94,,,,,,,,0.76,0.76,0.77,,,,,,0.73
18a02d7f-d0a8-4fc8-a1b7-356bb5a969ab,,,,0.58,,,,,,,0.65,,0.47,0.41,0.56,,,,,,,,0.13,,,0.34,0.41,0.34,,,,,,,,,,0.32,,0.09,,,0.58,,,,,,,0.03,,0,0.01,,,,,0.32,0.23,0.22,,0.83,0.75,,,0.16,,0.72,,,,,0.36,,,,,,0.14,,0.3,,,,0.39,,,0.88,,0.74,,,,,,,,,,,,0.44,0.44,0.4,0.47,0.57,,,,,,0.55,0.65,,,,,,,,0.37,,,,,,,,,,,,,0.5,,,0.62,
d71172b8-70b9-4418-b5ae-a3fb1c587aeb,0.34,,,,0,,,0.85,,,,0.23,,,,0.32,,,,0.16,,,,0.43,,,,,,0.46,,,,,,,0.31,,,0.74,,,,,,,0.39,0.66,,,,,0.54,,,,,0.3,,,,,,,,,,,0.05,0.29,0.27,0.06,,,,0.32,,,0.19,,,0.07,0.25,,,,0.56,0.38,0.8,0.63,,0.59,,,,0.19,0.32,,,0.35,,0.38,0.25,,0.61,0.6,,0.68,,0.53,0.74,,0.48,,,,,0.1,0.21,,,0.33,0.29,0.5,,,,,,,,,,,0.16,,0.3,
374bafc3-484e-4e9b-b983-e8fd4623ebba,,,,,0.95,,,,,,0.13,,,,0.58,,0.39,,,0.52,,,,,,,0.55,,,,,,,,,,,,,0.69,0.34,,,,0.5,,,,0.5,,,,,,,,0.47,0.6,,0.55,,,0.07,0.27,0.37,,0.29,,0.44,0.42,0.49,,,,,0.63,,,,0.65,0.47,,0.49,,0.32,,0.25,,0.28,,,,0.32,,,,0.5,0.31,,0.65,,0.74,0.72,,,,,,0.23,0.24,,,,,,0.28,,,0.34,0.29,0.42,0.48,,,,0.55,,,,,0.34,0.16,0.22,0.46,0.34,0.41,,0.39
fc85a8f3-6c77-44db-bbe4-149b8dadbc42,,,,,,0.42,,0.09,,0.85,,,,,,,,0.32,,,0.3,,0.39,,,0.4,,,0.39,,0.58,,0.52,0.3,0.54,0.32,,,0.6,,,,,,,,,0.35,0.42,,,0.46,0.4,,,,0.45,,,,,,,,0.62,0.62,,,0.52,0.81,,,0.71,,,,,0.55,,,,,,0.75,,,,,0.36,,0,,0.28,,,,,,,0.63,0.54,,,,,,0.12,0.19,,,,,,,,0.68,0.25,,0.64,0.7,,,,,,,0.59,,,0.72,,0.66,,0.64,0.61,0.7,,
847984f9-560f-4763-924c-b475152b5e0c,,,,,,,,,,0.12,0.51,,,0.69,,0.55,,,0.72,,,,,,,0.72,0.66,,0.46,,,0.49,,0.75,,0.76,,,,,,0.62,,,,0.63,,0.75,0.56,,,,0.6,0.42,,,,0.62,,0.45,0.67,,0.51,,0.6,0.69,,,,,0.52,,,0.52,,,,0.63,0.27,0.28,0.47,0.26,,,0.67,,,0.29,0.52,,,0.52,,,,,0.32,,,,,,,0.36,,,0.71,,0.67,,,,0.81,,0.19,,0.49,0.4,,,,,,,,,0.32,,0.26,,,,,,,0.28,0.39,
fde9d116-0780-4275-83f0-fada16813b93,,0.5,0.41,,,0.7,,,0.72,,,,0.44,,,,0.56,,0.53,,,0.53,0.57,,,0.52,0.71,,,,0.54,0.46,0.51,0.15,,0.48,0.36,0.67,0.34,,,0.57,,0.51,0.55,0.36,,0.29,,,,,,,,,,,,0.58,,,,,,,0.25,,0.38,,,,0.52,,0.45,,,,0.68,0.65,,,,0.58,,,0.29,,0.21,,0.36,,0.14,,,,,,,,,,0.51,0.53,,,,0.46,0.17,,0.23,,,0.23,0.18,,0.46,,0.24,,,0.62,,0.37,,,,0.23,0.38,,0.42,,,0.28,0.42,,,
09435119-f568-49f8-9356-3b4f4e87341f,,,0.55,0.52,,,,,,0.19,,,0.46,,,,0.57,,,,,,0.7,,,,,0.41,,0.58,,0.71,,,,,,,,0.6,,,0.69,,,0.66,,,0.51,0.28,0.73,,,,0.62,,,,,,,,,0.67,,0.96,,0.67,,,,,,,,,,0.54,0.23,0.29,,,0.38,0.35,0.79,,0.98,,,0.73,,,,0.77,0.68,,,0.25,,,,,,,,0.91,,,,,,,,,,0.36,0.3,,0.29,,0.57,,0.45,0.47,,,,,0.6,,0.61,,,0.46,,,,
443e5a61-35f0-4649-8c93-9e6cc6978b5c,0.84,,,0.65,1,,0.42,,,,0.95,1,0.87,0.89,,,,,,,,0.79,0.75,0.74,0.68,,,0.81,,0.9,0.65,,,,0.86,,0.75,0.75,,,,,0.81,0.9,,0.85,,,,,,,,0.61,,,,,,,,0.82,0.57,,,,0.58,,,,0.81,,,,,,,1,,0.65,,,,,,0.55,,,,,,0.67,0.68,0.53,,,,,1,,,0.85,,,,,,,,,0.74,,,0.82,,0.81,,,0.59,,,0.77,,,,0.82,0.6,,,,0.72,,,0.65,,,0.8,
b938874b-b1be-48b6-86ce-472bf216c721,0.89,,0.36,,,0.49,,,,0.2,,,0.61,,,,,,0.62,,0.66,,,,,,,,0.43,,,,,0.69,,,,,,,,,,,,,,0.44,0.28,,,0.43,,,,,0.23,,,0.15,,,0.49,,,0.64,,,,0.56,,,0.53,0.46,0.13,0.22,0.26,,0.14,,,,,,0.75,0.5,0.58,0.42,,,0.64,0.6,,,,,,,,,0.2,,,,,,,,,,0.79,0.57,0.66,0.79,,,0.23,,,0.39,,,0.56,0.42,0.5,,,,,0.53,,,,,0.41,,0.47,
cabcdc1f-6831-4f1f-a60c-aabffed6fe6d,,0.08,,,,,0.52,,0.54,0.09,,0.41,0.48,,,,,0.42,0.53,,0.67,,,0.72,,,0.45,,,,,0.53,,,,0.65,0.42,,0.64,0.92,,,,0.72,,0.8,,0.65,,,,,,,,,,,0.58,0.61,0.87,,,,0.5,,0.23,,,,0.4,,0.63,0.46,,0.54,,,,0.68,,,0.49,,,,,,0.46,,,,,0.41,,,,0.49,,,,,0.68,,,0.84,,,,0.41,,,0.65,0.65,,0.42,0.44,,,,,0.65,,,0.56,0.48,,,,,,,0.61,,,0.48,,0.31
8ffbe1c7-d2b2-494d-96aa-3f209fa7d2bf,,0.62,0.85,,,,,,0.81,0.34,,,0.65,,,,,0.79,,0.8,,,0.92,0.72,,,0.75,,,,,0.62,0.7,,,,,,0.42,,0.71,0.65,,,,,0.8,0.71,,0.92,,0.77,,0.46,,0.65,0.74,,,,,0.51,,,,,0.42,0.66,0.62,0.79,0.84,,,0.6,,,0.64,,,,,,,,,,0.53,,,0.42,,0.42,,0.56,0.96,,,,,,,,,,0.67,0.68,,,,,,,,0.67,,0.42,0.39,,,,0.55,0.6,0.76,0.55,,,,,,0.44,,0.42,,,,0.59,,
2becd6a5-7d34-4ee8-938d-579618349658,,,0.6,0.61,,,0.05,0.21,,,,,,0.72,,,,,,,,0.89,,,,,,,,,,,0.88,,,,0.99,0.98,1,0.94,,,,0.72,,,,0.48,0.56,,,,,0.48,,,0.55,,,,0.54,,0.42,,0.83,,,,0.7,0.76,,,,0.81,,,0.72,,,,1,,,,,0.52,0.45,,,,,,0.38,,0.97,0.75,,,,,,0.71,,,0.51,,,,,,,0.51,,0.5,,,,0.81,,0.66,0.8,,,,,,,,,,0.83,0.78,,,,,0.6,0.6
3591361b-b34a-43ad-9888-79f03de33ed6,,,0.8,,,,,,,,,,,,,,0.77,,,,,,,,,,0.7,,0.76,,,,,0.69,,0.81,,,,,,,,0.65,,0.57,0.69,,,0.69,,,,,,,,,,0.59,0.92,,,,,0.55,,,,0.68,,0.8,0.65,0.85,0.75,,,1,,0.87,,,,0.85,,,,,,,,0.71,0.43,0.66,,,,0.95,,0.73,,,,0.93,,,,0.63,,,,0.49,,,,,0.75,0.5,,,0.8,,,0.88,,,0.68,,0.62,,,,,,,,0.7,
883b3ec6-aa69-45cc-a18f-ed7888cbac6a,0.81,,,,0.36,,,,,,,0.46,,,,,,,,,,,,0.75,,,,,0.8,,,0.65,0.97,0.75,,,,0.86,,,,,,,,,0.63,,,0.25,0.5,,,,0.56,,,,,0.46,,,0.69,0.78,,,0.33,0.6,0.74,0.87,0.63,,,,,0.66,0.38,,0.64,0.51,,0.62,,0.61,,,,,,,,0.69,0.74,,,,,,,,0.64,0.74,0.59,,,1,0.82,,0.82,0.97,,,,,,,0.54,,,,,0.7,,,0.59,,,,0.6,,,0.4,0.72,,,,,
ce61beba-edf7-4ec7-aab8-4a684ed0e187,,,,0.34,0.5,0.67,0.09,,,,,,,0.58,,,0.51,,,,,,0.39,,,,0.37,,0.55,,0.49,,0.54,,0.62,,0.71,0.26,,,,,0.36,,,,,0.47,0.46,0.54,,0.34,,0.62,,,,0.47,,0.31,,0.35,0.22,,0.38,0.18,,,,0.58,,0.47,,0.8,,,,,,,,0.45,,,0.31,,,,,,,,0.3,,0.58,0.45,,,0.57,,0.54,0.58,0.53,0.54,,,,,0.49,0.41,,0.47,,,,,,,0.42,,,0.54,,0.49,0.68,,,,,,0.73,0.66,0.53,,,,,
3716d6ac-30d6-45c7-87de-811abf56adfb,,,0.6,,,,0.37,0.63,,,,,,,,0.74,,,0.57,0.78,0.63,,,,,,0.85,0.78,,,,,0.84,,0.8,0.52,,,1,,,,,0.8,,0.62,,,,,,,,,,,0.81,,0.79,0.81,0.82,,,0.72,0.59,0.43,0.77,,,,0.72,,0.72,,,,,,,,,,,0.79,,0.67,0.47,,,0.54,,,,0.56,,,,,,,,,,,0.56,,,,,,,,,0.51,,,,1,,,,,,0.72,,,0.91,0.99,,,,0.98,0.97,0.96,,,0.76,0.82
17a08e1e-bf6c-416d-b575-ea5a5e4f247d,0.7,0.62,,,0.41,0.64,0.99,,,,,0.67,,0.64,,0.6,0.75,0.81,,,0.92,0.65,,,,,0.8,,,,,,,,,,0.51,,,,0.62,,,,0.66,,,,0.64,,,,,,,0.55,,,,,,,,,,,,,,,0.76,,0.64,,,,0.21,0.64,,,,,,0.59,,0.84,,0.62,0.74,0.93,,,,,,,0.51,,,0.63,,,,0.67,,,1,1,,0.76,,0.96,,,,0.39,,,,,,0.49,0.77,,0.49,,,,,,0.56,,,,,,,
fbc7a13c-a265-4b5f-95bb-7c30363ab762,,0.46,,,0.2,,,,0.72,0.15,,,,,0.61,0.45,0.41,,0.57,,,,,,0.14,0.71,0.43,,,0.37,,,,,0.64,0.66,,0.67,,,0.57,,,,0.56,,,,0.52,0.58,,0.67,,,,0.58,,,,,,,,,,,,,0.41,,0.39,0.38,0.37,0.36,,,,,,,,0.5,,,0.48,0.53,0.62,,,,,,,0.63,,,0.35,,,0.54,,,,,,,0.66,,,0.72,,0.46,,,,,,,0.2,,,,,0.4,0.47,,,0.45,,,,0.38,,0.38,,0.54,,0.57
bcc8a358-53fc-4f8f-a6b9-8bed552dbe5a,,,0.81,,,0.78,0.24,,,0.19,0.41,0.62,,0.62,0.78,0.67,,,,0.99,,,,,,0.8,,,,0.62,,,,0.56,,,,0.92,0.46,,0.63,,,,,,,,0.6,0.81,,,,,0.71,,,0.84,,,0.74,,,,,,,,0.65,0.68,,0.66,,,,,0.57,0.82,,,0.81,,1,,0.51,,0.39,0.33,,,,0.48,,0.5,,1,,,,,0.84,0.97,,0.94,,0.65,0.59,0.69,0.62,0.57,0.54,0.54,,0.67,0.54,,0.56,,,,0.67,,,,0.79,0.63,,0.48,,0.5,0.62,,0.66,0.5,0.44,0.6,,
cc1883eb-3ed9-4067-8110-a50937030a02,0.87,,0.7,,,1,,,,,,0.83,0.73,,,,,0.89,0.77,,0.92,,,,,,0.88,,,,,0.69,,0.68,,,0.66,,,,,0.79,,,,,,0.91,,,0.78,,,0.54,,0.71,,0.82,,,,,,,,0.86,,,,,,,0.66,,0.59,,,0.84,,0.71,0.8,,,0.73,0.83,,,,0.7,,0.67,,,,1,0.9,0.66,,,,0.75,,0.89,,0.95,,,,0.92,,,0.76,0.67,,0.66,0.71,,,,,,,,,,0.67,,,,0.67,0.73,0.69,,,,,,
c7996746-f06e-471d-b42e-42452bbac65b,,,,,,0.97,,,0.78,0.59,,,,,0.76,,,,,,,,,,0.46,,0.46,0.68,0.58,0.68,,,,0.54,,0.76,,,0.8,0.55,0.68,,,0.5,,,,,,,,,0.28,,0.38,0.36,0.36,0.22,,0.28,0.97,,,0.86,,,0.69,,,,,0.74,,,0.71,0.31,,,,,,0.71,0.4,,0.73,0.63,,0.45,0.64,0.69,,,,,0.87,,0.83,,0.55,,,,,,,,,,,,,0.64,0.59,0.53,0.64,0.68,,0.62,,,,,,,,,,,,0.64,,,,,,,,
6863b6a4-be4e-4394-a6c1-31efc7b1bc25,0.63,,0.64,,1,,,,,,0.51,0.65,,,0.7,0.55,0.77,,0.65,0.73,,,0.9,,,,,0.55,,,0.51,0.75,0.69,0.31,0.65,,,0.74,,0.82,,0.65,0.75,,,,0.7,,,,,0.92,,,0.78,,,,,,0.63,,0.49,,0.74,,,,0.25,,,,,,,,,0.99,,0.67,0.62,,0.62,,0.64,,,,,0.39,,,0.44,,0.96,,,0.62,,,0.77,0.9,,0.72,,0.82,0.6,,,,0.51,,,,0.39,,,0.43,,0.51,,0.66,0.59,,0.52,0.75,0.48,,0.32,,,,0.6,,0.53,,,0.63
0b5135f3-afad-47a8-813c-2f8a3ae556f0,,0.63,0.87,,,,,0.44,,,,,,0.53,,,0.62,,0.46,,,,,0.32,,,,,0.62,0.55,,,,,0.7,,0.69,,,,,0.6,,0.43,,,,,0.59,,,0.3,,0.74,0.42,,0.51,,,,,0.39,,,0.6,0.35,0.7,,0.55,,,0.63,,,,,,,,,0.5,0.67,,,,,0.51,,,,,,,0.33,0.52,,,,0.58,,,0.54,,,,,0.26,,,,,0.29,,,,,,,,,,,,,0.42,,,,0.57,,,,,,0.57,0.51,,
7aa9cc7d-7aba-449b-b837-60b23586faf7,,,,,,,0.96,0.95,,,0.88,,0.6,,,,0.68,0.69,,,0.58,,0.46,,0.6,,,,,,,,0.51,0.56,0.63,0.84,,0.64,,0.59,,0.68,0.57,,,0.7,,,0.51,,0.65,,,0.66,,0.48,0.46,,,,0.55,,,0.8,,,,,0.72,0.53,,,0.68,,,,,,,,,,0.42,0.43,,,,0.76,,0.66,,,,,,,0.63,0.46,,,,,0.35,,,,0.86,,,,,,0.72,,,,0.56,,0.74,0.56,,,,,0.77,,,0.6,,0.73,,,,0.8,,,0.9,0.65
db333f91-9aea-44e0-8cb2-a6b2be09c3dd,,0.41,0.55,,,,,,,,,0.99,,0.5,,,0.4,,0.55,,0.44,,0.62,,,,0.59,,,0.57,0.66,0.43,,0.43,0.54,0.49,,,,0.47,,,,0.39,,0.46,0.62,0.59,,0.72,,,0.48,,,0.48,0.54,0.65,,,,0.47,,,,,0.54,0.62,0.44,0.66,,,0.48,,,,,0.62,,,,,,,0.46,,,,,,0.47,,,0.37,0.82,,,0.66,,,,,,,0.62,,,0.33,,,,,0.43,,,0.65,,,,,0.87,,0.61,,,,,,0.66,0.64,0.6,,,,,,,
f47c825a-2bcf-4c34-8880-103396f64354,,,,0.73,,0.63,,,,0.22,0.63,0.66,,,,,0.56,,,0.72,,,,0.81,,0.82,,,0.74,,,0.55,,0.2,,,,0.53,,,,,,,0.61,,,,0.61,,,0.55,0.63,0.23,0.52,0.6,,,,0.36,,0.43,,,,,,,,,,0.41,,,,,,,,,,,,0.51,0.45,,,,,,0.37,,,,,,0.65,,,,,,,,0.47,0.5,,,,0.45,,0.32,,0.42,,0.25,,,0.38,,,0.5,,,0.5,,,,,,0.51,0.29,,0.39,,,0.44,0.33
e80cd2a2-e201-4324-9e0e-06dca1a6e2e3,,,0.58,0.72,,,,,,,,0.83,,,0.68,,,,,,0.71,,,0.6,0.8,,,0.84,0.66,,,,0.61,,0.84,,0.78,,,,,0.58,0.73,,,,0.84,0.47,0.73,,,,0.53,,0.78,,,,,,,,0.47,,,,0.99,,0.57,,,,,,,0.78,0.96,0.63,0.78,,0.8,0.92,,0.89,,,,,,,,,,,,0.64,0.94,,,,0.84,,,,0.64,0.26,0.59,,,,0.77,0.4,,,,,,,0.88,,0.72,,,,,0.8,0.89,,,0.82,,,,,,,,
2da25427-9f2f-41d6-8835-c09c4f073baa,,,,,,0.77,,,0.71,,,,,0.67,,,,,,0.65,,,,,,,0.58,,,,,,,,,,,,,,,0.83,,0.59,,,,0.9,,0.77,,,,,,0.68,,,0.69,,,0.38,0.34,,,,0.59,,,0.48,,,0.37,,,0.18,,,,,,0.67,,,0.79,,0.69,,,0.67,,,0.82,0.81,0.69,,,,,0.82,0.56,,0.79,0.65,,0.58,,,,0.64,0.65,,,,,0.95,,,0.97,0.93,,,0.73,0.65,0.77,,,,,0.94,0.75,,0.82,,0.8,0.76,0.8,
2d2eef43-dcec-4e8b-9167-10bbecccadc0,,,,0.67,0.39,,,,,,0.87,,0.65,,,0.72,,,0.87,,,,,0.75,,,,0.7,,0.69,,,,,0.71,,,0.8,,,,,,,0.46,0.5,,,,,,,,,,,0.73,,0.65,,,0.56,,0.87,,0.59,,,,0.46,,,,,0.42,0.4,0.3,0.47,0.43,,0.4,,0.35,,0.93,0.72,0.81,,,0.62,,0.73,,0.48,,0.71,,,,,,,,,,,0.83,,,,0.8,0.78,,0.82,,0.51,,,,0.72,,,0.6,,0.64,,,,,,0.58,,0.58,,,,,
f4fd6d25-392c-4006-8465-f1cfe11b2900,0.56,,,,,,,0.53,0.76,,0.89,0.76,,,,,0.44,,,,,,0.43,,,,,,,,0.57,,0.6,0.62,0.81,0.5,0.7,0.5,0.77,0.36,,,,,0.49,,,,0.81,0.43,,,,0.43,,0.66,,,,0.4,,,0.27,0.49,0.26,0.16,0.35,,,0.16,,0.25,,0.14,0.72,,0.41,,,,0.56,0.34,0.42,,0.68,0.55,,,0.57,,,,,,,,0.64,,0.7,,0.45,0.53,,0.54,,,0.48,,,,0.58,0.55,0.61,0.66,,,,,,0.62,0.78,,,,0.79,,,,,0.51,,,0.84,0.77,,0.76,0.82,
752210d6-9b1c-41f1-be78-c2a12ed32d4d,0.44,0.6,,0,,,,,,0.25,,0.41,0.56,0.64,,0.56,,,,0.97,0.66,,,,0.58,,,,0.76,0.81,0.7,0.69,,,0.57,,0.32,0.65,,0.61,,,,,,0.58,,0.52,0.62,,0.5,0.66,,,,,0.4,,,,0.72,,,,,0.83,,,0.74,,0.64,,,,0.67,0.73,,0.77,,,0.65,,,,,,,,,,,0.34,,0.37,,,,,,,,0.57,,0.58,0.46,,,0.5,0.27,0.22,,,0.19,,,,0.22,0.36,,,,,0.37,0.51,,0.55,,0.48,0.34,,0.29,,0.39,,0.36,0.31,,
d2f809b3-d9ee-4b46-8f0f-bbe4143860ed,,,,0.12,,,0.91,1,,0.67,,,,,,,,,,0.57,,,0.74,,0.76,,,,0.82,,,0.68,0.82,,,,,0.73,,,,,0.64,,,,0.73,,0.88,,,0.69,0.54,0.83,,,,0.7,,,,,,,0.74,0.66,,0.76,,,,,0.62,0.78,0.47,,,,0.52,,,,0.54,,1,,0.93,,,,,,,,,,0.91,,,,0.49,0.47,,,,,1,0.95,,0.82,,1,,,,0.69,0.82,,,,,1,,,,,0.98,0.78,,0.92,,0.94,1,,,0.9,0.86,1
eda550bb-026c-4ce6-9810-28fa4c6f29b4,,0.62,0.54,0.48,0.76,0.78,0.19,,,,1,,,,0.48,,,,,,0.52,0.76,0.32,,,,0.46,0.52,0.7,0.6,,0.66,0.74,,0.86,,0.79,0.51,,,,0.67,0.66,,,0.53,,0.55,0.52,,,,,,0.66,,,,0.55,0.5,,,0.53,0.51,,0.34,,0.66,0.67,,0.47,,,0.44,0.92,,0.75,0.6,0.47,0.73,,0.62,,,,,,,,0.42,0.37,,,0.31,,,,,,,,,,,,,,,,,,,,0.57,0.72,,,0.76,,0.82,,0.6,,0.75,,,,,,0.76,,,,,0.68,,,0.68
8e0ee477-5f49-401c-9157-a7e060ec0f14,,,0.54,,,,,,0.66,,,0.95,,0.57,,0.65,0.49,,,,,,0.54,,,,,0.64,0.62,,0.59,,,,,,,,,0.8,,0.83,,0.9,0.85,,,,,,0.6,0.63,0.48,0.52,,,0.55,0.61,0.56,,0.54,0.37,,,0.69,,,,,,0.58,,,0.51,,0.6,0.71,,,,0.66,0.82,0.57,0.7,,,,,,,0.48,,,,,,,,,,,,0.8,0.61,,,0.39,,,,,,,0.24,0.72,,0.7,0.76,,,0.77,0.79,,,,0.72,,,,0.65,0.59,0.68,,,,,,
44927ffa-955f-452a-96f0-b517b7a89f76,,,,,,0.59,0.25,,0.66,0.28,,0.48,,,,,,0.87,,0.87,,,,,0.52,,,,,0.74,,,0.67,0.47,0.7,0.43,0.56,,,,0.66,,,,,0.72,,,,,,,1,,,0.85,,0.82,,0.88,0.61,,,,,0.9,,,0.88,,0.84,,,0.7,,1,,1,,,0.87,,0.96,,,0.41,,,,,0.34,0.43,,,,0.83,,,,,0.8,,,,,0.76,,,,,0.58,0.56,0.39,,,,,0.4,,,,,,0.71,0.66,,0.42,,,,,0.58,,,0.66,0.46,,0.68
92e51059-4184-490b-b8c2-b39a13e0e3cc,0.36,,0.61,,,,0.16,,,0.12,,,,,0.54,,0.61,,,,,,0.8,,,,,0.39,,,,0.46,,0.37,0.64,,,,,,,0.58,,,,0.42,0.74,0.6,,0.81,,,,,,,,,,,,,,,0.37,,0.17,,0.48,0.33,,,,,0.44,0.71,,,0.4,,,,,0.52,0.52,,,0.21,,,0.35,,0.26,0.22,,,,0.56,,,,,,,,0.69,,,,,0.31,,0.48,,,,,,0.41,,,0.28,,,0.49,,,0.36,,0.3,,,,,,,,0.36
d07b7b92-5cd0-47ce-894a-c2cf207adc56,0.62,,,,,0.59,,0.95,,,0.46,,,,,0.76,,,0.84,,,,,,0.22,,,,,,,,,,,,0.32,,,,,,0.62,0.63,,,,,,,,0.82,,0.25,0.71,,,0.57,,0.52,0.72,,,,,,,,,0.59,0.56,0.65,,,,0.69,0.29,,,0.31,,,,,0.88,,,,,,0.66,,0.7,,,,,0.33,,0.6,0.53,0.57,,0.44,,,0.94,0.96,0.94,,,,0.83,,,0.37,,,,0.27,,,0.63,0.56,,0.53,,,,,,0.5,0.58,,,,,0.5
837be473-0f61-491f-a1f7-48fbd0a0fb8b,0.4,0.38,,,,,,,0.6,,,0.5,,,0.6,,0.62,,,,,0.58,,,,,,0.61,0.44,0.45,,0.61,0.45,,,,0.43,,,,,0.62,0.58,,,,0.62,,,0.5,,,0.58,0.17,,,,,,,,,0.29,0.56,,,,,0.41,,0.46,,,,,0.95,,0.75,0.71,0.59,0.56,,,,,,,,,,,,,,0.66,0.8,,0.37,,0.58,0.69,0.65,0.74,,0.22,0.38,,0.56,,,,,,,,,,,0.17,0.39,,,0.5,,0.47,0.34,,0.26,0.36,0.28,,,,,,0.23,,
6c78aa10-7ef5-4999-bac9-895b10806b64,,,,0.03,1,,,,,0.98,,0.48,,0.54,,,0.43,0.68,,,0.61,,,,0.71,,,0.68,0.63,0.49,,,,,0.63,0.3,,0.55,,,,,,,,,0.45,0.49,0.62,,,,,0.72,,,,,0.6,0.51,0.54,0.43,,0.43,0.43,,0.57,,,,,,,,,0.57,,0.43,,,,0.74,0.73,,0.31,,0.2,,0.35,,0.36,0.18,,,0.5,,,,,0.59,,0.91,,,0.3,0.02,0.09,0.22,0.32,0.24,0.41,,,,,,,,0.66,,0.57,,,,,,,,,,,,,0.63,0.51,0.71,,0.55
1bc6769b-8869-47db-81da-6d9f4fdcc53c,,0.78,,,0.01,0.36,,1,0.84,0.83,0.84,1,,,,,,,,,,,,,,,,,,,,0.62,,0.61,,,,,,0.19,0.35,,,,,,,,,,0.72,0.59,0.66,,,0.52,,0.69,,,,,,0.65,0.65,,0.77,0.74,,,,,,,,0.36,,,,,,,,,,1,,,,0.69,,,,,0.39,,,,,,0.56,0.55,,,0.77,,,,,0.65,,0.71,,,,,0.67,0.64,0.59,,0.84,0.87,,,0.92,,,,,,0.58,,,0.64,,0.63,,0.74
fe36a9e6-0071-42e8-91d8-325edbd7c3c5,0.88,0.58,,,0.14,,1,,,,0.21,,0.61,0.51,,,,,,0.16,,,,,,0.82,,,,,,0.7,0.67,,0.38,,,,,,,,,0.61,,0.63,0.43,,,,,0.72,,,0.55,,0.69,,,,,,0.71,,,0.71,,,,0.51,,,,,,,,0.42,,,0.14,0.43,,,0.76,0.7,0.86,,,0.82,,0.72,0.87,,,0.45,0.35,0.32,,0.52,0.46,,,,,,,,,,,,0.62,,,0.32,,,0.48,,,,,,,,,0.46,0.38,,0.49,,,,0.48,0.32,,0.34
71e20d9d-2b2c-4845-bfd5-e119bfb2879d,,,0.44,,,0.79,0.34,0.61,0.52,,,,,,,,,0.44,,0.54,,0.64,,,,0.54,,,0.6,,,,,,,0.68,,,,0.79,,,,,,,0.81,,,0.69,,0.75,,,,0.49,,,,,,0.57,,,,,,,0.61,,0.4,,,0.54,0.27,,0.11,,0.5,0.52,0.44,,,0.29,,0.23,,,,,0.6,,,,0.71,,0.36,0.31,0.69,,,,,,,,,,,,,,,,,,,,0.16,,,,,,0.53,,,0.26,,,,0.32,,0.3,,,0.4,
91bf7403-9dcc-4932-90cf-2d175a806ee4,0.65,,,,,,,1,,,,,0.74,0.62,,0.75,,,0.8,,0.69,0.41,0.74,,,,,0.64,,,,,,1,,,0.89,0.59,1,,,,,,,,,0.88,0.81,,,0.75,0.64,,0.69,,0.81,,,0.85,0.52,0.9,,,0.81,,,,0.8,,,,,0.7,,0.38,,,,,0.54,,0.54,,,,,,,,,,,,,,0.78,0.66,,,,0.4,0.55,,,0.83,,,1,,,,,0.78,,,,,,0.92,0.89,0.89,0.9,,,,,,,,,,0.96,,0.85,,,
7a2bc094-5219-4e11-9b35-00491caace3c,,,0.71,,0.04,,,,,,,,,0.7,,,0.54,,,0.26,,,0.3,,0.75,,,,0.45,,,,0.25,,,,,0.29,,,,0.16,,,,0.44,0.44,0.81,,,0.39,0.36,,0.73,,,,,,0.48,0.54,,,,,,,,,,,,,0.74,0.32,0,,0.2,,,,,,,,,,,,0.93,,,0.89,,,0.21,0.41,0.59,,,,,,0.33,0.54,0.48,,0.65,0.66,,0.88,0.64,,,,,,,,,0.7,,,0.52,,,0.9,,0.91,0.76,0.87,,,0.82,,0.73,,
a0d5fdaa-9bc8-48f6-90f8-9cdd637830e1,0.63,,,,,,0.45,0.49,,,,,,0.52,,0.44,0.56,0.57,0.6,,,,,,,0.4,,,0.79,0.73,,,0.69,,0.67,,,,,,,,,,0.55,0.68,,,,0.49,,,,,,,,,0.39,0.63,,,,,,0.3,,,0.62,,,0.53,,,0.77,,,,,,,,,,,,,,,,,,,,0.39,,,,,0.67,,,0.42,,,,,,,0.52,,,,,,,,0.65,0.73,0.77,,,,,0.6,,,0.87,0.83,,,,0.71,0.64,,,0.74,
d9337aef-188c-4287-b6df-f0c281f2ff81,,,,0.8,0.56,0.88,,,0.95,,,,0.68,0.7,,,0.84,,,,0.78,,0.63,,0.6,,,,,,,,0.82,,0.7,0.71,,,,,0.83,0.71,0.68,0.64,0.77,,,0.93,,0.94,,0.74,,,,,,,0.95,,0.72,,,,,0.62,0.7,0.77,0.86,,,0.8,0.61,0.69,0.82,,0.8,,0.65,0.67,0.44,0.68,,,,0.92,0.89,0.91,,,0.86,0.87,0.61,,,,0.84,0.9,,0.76,,,,,0.92,,0.84,,,0.85,,,,,,,,,0.64,0.68,,,,0.91,,,,0.79,,,,,,,,0.79,,
fe8dea82-ba64-4b24-ad1d-44b20bb035e7,,,,0.57,,,0.01,,,,,0.5,0.58,,0.43,0.43,0.6,,,,0.52,,,,,,,,0.68,0.43,0.59,,0.35,0.29,,,,,,,0.66,0.73,0.71,0.71,,,,,,0.85,,,0.47,0.8,,,0.7,,,,0.48,,0.22,0.48,,,0.76,,,,,,0.65,,,,1,0.58,,,,,,,0.38,,0.26,,,0.41,,0.34,,,0.65,0.47,,,,0.62,,,0.61,0.74,0.2,,,,,,,,,0.37,,,0.69,,,0.78,0.47,,,,,0.55,0.79,,,,,,,0.73,0.56,0.8,0.65,0.84
5a7198f1-21f8-4231-9d84-304fe648b1b2,,,,,,,,,,,0.87,,,,,,,,0.8,0.47,,0.51,,,0.48,,,,,,,,,,,,0.72,,0.74,0.52,,,,,,0.51,,,,,0.4,,0.17,,,,,,,0.24,0.8,,,0.72,0.77,0.63,,0.5,,,0.53,,,0.49,,,,,,,0.4,,,,0.65,,,,0.74,,,,0.59,,0.73,,0.64,,,,,0.42,,,,0.85,,,,,,,,,,,,,,,,,0.65,0.86,0.82,,,0.5,0.71,,0.72,,,,,,,
6729494d-a91e-49d9-8112-65679475896b,0.68,,,0.96,,,,,0.88,,,,,,0.52,,,,,,,,,,,,0.53,,0.6,,,0.59,,0.84,,,0.86,,,,,,0.59,,,,0.64,,0.65,,,0.55,,,,,,,,,,,,0.85,,,,,,,0.7,,,,,,,,,0.53,0.43,,,0.49,,,0.89,,,,,,0.78,,,0.47,0.53,,,,0.46,0.67,0.45,,0.72,,0.66,,0.84,0.63,0.62,,0.88,,,,,0.66,,,0.6,0.57,,,,,,0.77,0.88,,,,0.74,,,0.77,0.93,
5a4c2c3c-de3b-4e2e-a532-24c4d170a418,,,,,,0.49,,,,,,,0.62,0.62,,0.62,,,0.21,0.71,,,,0.38,0.76,,0.57,,,0.62,,0.56,,0.17,,,0.65,,,,,0.38,0.4,,0.65,0.44,,0.34,0.28,,,,,,,,,0.65,,,0.44,,0.22,,0.56,0.2,,0.58,,0.49,,0.58,0.5,0.57,,0.42,,0.71,,,,,,0.77,,,,,0.21,,,,,,0.45,0.5,0.78,0.9,0.7,,,,,,0.16,,,,,0.13,0.28,,0.24,,,,,0.58,,0.77,0.46,0.56,,0.72,0.52,0.44,,,0.69,,,,,0.62,0.55,,0.58,
77dbaf04-6aab-4d99-9fe8-9175580e2ced,,,,0.63,,0.89,0.73,0.66,,,0.8,,,0.66,,,,,0.86,,,0.67,,,,,,,,0.72,,,,,,1,0.89,,0.92,,,,0.84,0.69,,0.85,0.84,,,0.83,,0.66,,,,0.71,,0.77,0.82,0.61,,,,,,,,,,,,,,,,,,0.51,,0.8,,0.69,,0.79,,,,,,0.8,0.6,,,,,0.46,,,0.84,,,,,,,,,,,,0.7,,,,,1,,0.86,,,0.57,0.68,,,,,,,,,,,0.72,,,0.72,,0.92
5bf8b63e-ee2a-4605-95ed-7811152030f3,,,,0.66,,,,,0.63,,,,0.65,,,0.5,0.49,,,0.63,,,0.93,,,,0.7,,,0.5,,,0.68,0.81,,,,,,0.86,,,,,0.63,0.71,0.65,,,,0.83,,,0.29,,,,,,,,0.63,,0.94,0.78,,,,0.51,0.73,,,,,,0.53,,0.54,,,,0.39,0.37,,0.73,0.52,0.67,0.45,0.51,,,,,,,,0.61,,0.53,,,,0.46,,,,,,0.77,,0.84,0.61,0.62,0.77,0.5,0.32,0.5,0.46,0.44,0.4,0.58,,0.56,,0.71,0.69,,0.47,,,,,,,,,,
ae6ec455-087f-4183-9520-f9000dcaffc0,,0.37,,0.38,0,,0.77,,,,,0.64,,,,,0.38,,,0.26,,0.44,,,,,,,,,,0.62,,0.72,,,0.53,,,,,0.57,,0.19,,,,0.67,0.51,0.17,0.54,0.66,0.57,,,0.64,0.36,,,,,0.52,,0.51,,,,,,,,,,,,,0.21,0.4,0.18,,,,0.11,,,,,,0.83,,0.58,,,,,0.29,0.37,,,,,0.19,,0.25,,,,0.64,,,,,,0.48,,,,,,,,0.6,,,,0.61,,,0.44,,,,0.63,,,0.65,0.67,0.4
3b4ca453-f7fd-4d5f-843a-6adf18e94e93,0.55,0.62,,,,,,0.89,0.78,1,,,,0.54,,,,,,,,,0.56,0.44,0.73,0.53,,,,0.72,,,,0.73,,,,,0.8,,0.65,,,0.66,0.67,,,,,,0.51,,,,,,,,0.74,0.67,,,,,0.77,0.55,1,1,,0.71,,,0.76,0.77,,,,0.32,,0.4,,0.51,,0.51,,,0.63,,,0.76,,0.86,0.72,0.92,,0.52,,0.63,,,,0.73,,0.65,0.62,0.57,,,,,0.95,,,,,,,,,,,,,0.67,0.71,,,,,,0.74,0.92,,,,,,
51958f11-bf81-41b2-88f5-e67d8da19750,,,0.63,0.65,,,0.07,0.23,,,0.78,0.85,,,0.86,,0.69,,,0.55,,,0.32,,0.77,,0.62,0.6,,,,0.65,,,0.58,,,0.42,,0.42,0.51,,,0.69,,0.7,,,0.69,,0.66,,,0.82,,,0.58,,,,,,0.22,0.38,,,0.57,0.69,,0.63,,0.49,0.57,0.65,,,,,,,,,0.69,,,0.6,0.2,0.42,0.27,0.24,,,0.37,0.19,0.66,,0.7,0.78,,,0.63,0.78,,0.63,,0.38,0.32,,,0.28,,0.28,0.4,,0.83,0.85,,0.7,0.67,,0.5,0.6,0.62,,,,,,,,0.7,0.89,,,,,,
f79ac69c-c6d7-4f2c-bce2-babe8c16b477,,,,0.58,0.84,0.79,0.17,0.39,,,,0.94,0.53,,,,,,0.42,0.79,,0.92,,,,0.43,0.73,,0.63,0.57,0.74,,,,,,0.8,0.65,0.68,,,,,,,0.61,,,,0.81,,0.63,0.58,0.78,,0.49,0.55,0.4,0.72,0.55,0.72,0.32,,0.63,,0.38,,,0.53,,,,,0.53,,0.57,,,0.76,0.56,,,,0.54,0.55,,0.51,,0.43,,0.5,,,0.44,,,,,0.67,0.94,,,,,,0.48,,0.3,,,,,,0.57,,,,,0.58,0.84,,,,0.76,,,,0.89,,0.8,0.75,,,0.65,,0.75,,0.76
7745172d-b2c7-4748-99f3-21db3787668f,,,0.64,,1,0.7,,0.27,,0.19,,,,,,0.73,,,0.64,,,,0.91,,0.46,0.96,,,,,,0.63,,,0.86,0.79,0.81,1,,,0.78,,,,,,,0.53,,,0.78,,,,,0.7,0.57,,,0.78,,0.4,,0.74,,0.78,0.51,,,,,,,,,,,1,0.8,,0.87,,,,,,,,,,,0.52,,,,,,0.7,,,,,,0.93,,,,,0.43,,,0.49,0.47,,0.41,,,,,,0.77,,0.71,,,,,,,,,,,,,,,
243ee58e-8994-44c0-bdb0-c27175da4601,0.62,0.74,,0.49,,,,,,,,,,,,,,,,0.64,,,,,,,,,,0.56,0.57,0.53,,,,,0.84,,0.98,,,,,,,0.67,,,0.86,,0.76,,,,,0.78,,0.82,,0.83,,,,,0.62,0.4,,0.66,0.71,,0.72,,0.76,,0.84,,,,,,0.72,,,,,,,,,,,0.61,,,,0.64,,,,,0.67,,,,0.66,0.38,,0.34,0.65,,0.59,,0.66,0.51,0.65,0.62,,,,0.78,,,,0.78,,0.58,,,,0.64,,0.7,,,,0.89,,
626abb9f-207b-4431-8d9c-8bb9126a3956,0.4,0.6,0.46,,,0.44,,,,0.41,,,,0.33,0.35,,,,,,0.38,,0.42,0.5,0.45,,0.49,,0.57,,,,,,0.29,,,,,0.4,,0.38,,,,0.6,0.46,,,,,0.68,0.45,0.52,,,,,,0.45,,,,0.84,,0.77,,,,0.75,,0.62,,,,,,0.19,,0.25,,,,0.28,0.96,,0.92,,,0.76,,,,,,,,,,,,0.39,,,,,,,,,,,,,0.33,0.3,0.28,,0.4,0.49,,,0.72,,,,0.43,,,,,0.54,,0.54,,,0.48,
aa5aa6f7-2564-4b96-8d46-8d6435d4fcc4,,,0.6,0.94,0.82,,0.2,,,0.42,,,0.5,,0.51,0.45,,,0.5,,0.41,,0.68,,,,,0.51,,0.54,,,0.54,0.39,0.82,,,,0.39,,,0.54,,,,0.44,,,,,,,0.59,0.25,,,0.63,0.43,,0.58,0.79,,,0.67,,0.46,,,,,0.43,,,0.67,,,,0.67,,,0.56,,,,,,,,,,0.4,,,,,,,,,,0.67,,0.78,0.63,,0.61,,,,,,0.35,,0.32,,0.33,,0.48,,0.3,0.64,,,,0.66,,0.6,,0.62,0.48,0.58,,0.56,,,0.67,,
4c74f860-571b-492b-83ec-5256857230db,,0.56,0.75,,0.83,0.75,,,0.52,,0.36,0.59,,0.64,,,0.6,0.49,,0.53,,,,,0.36,,,,,0.49,0.44,0.5,0.5,,0.55,0.43,,0.64,,,,,0.45,,0.58,0.59,,0.56,,,0.65,,,,,,,0.6,,0.53,,,,0.43,,,,,,0.62,,0.67,,,,,,0.92,0.58,,,,0.55,,,,,0,0.31,,0.34,0.47,,,0.88,,,,,0.73,,0.66,,,,,0.53,,,,,0.33,,,,0.32,,,0.26,,0.52,,,,,,,,,,0.25,,,0.47,,,,
229637dd-c4a7-401e-b06e-0f6e1d5f27a8,,,,0.69,0.35,,0.9,0.99,,1,1,0.94,,0.7,,,0.91,0.85,,,0.7,0.55,,0.6,0.96,,0.61,,,,0.78,,0.86,,,,,0.59,,,0.46,,,,,0.76,,,0.38,0.3,,,0.11,,0.26,0.37,,,,,0.56,0.93,,0.7,,0.44,,,0.69,0.86,0.76,,0.76,,0.48,,,0.27,,,0.4,,,,,,0.93,,,,,,,,0.63,,,,,0.53,,,,,,,0.8,,,,1,0.85,0.86,0.93,,,,0.76,0.84,,,0.7,,,,,,,,0.83,0.87,,,1,,,,
6fbad0bf-415b-4f0d-bed5-940fa5391553,,,1,,1,,,0.32,,,,,0.88,0.77,,,,,,0.84,,,,0.74,,0.8,,,,0.73,,0.82,,,,,0.49,0.68,,0.79,,0.64,0.81,,,0.61,0.8,0.52,,,,0.93,0.81,,,,,,,,,,0.61,,,0.8,0.41,,,,,0.71,0.69,0.74,,,,0.91,,,,,0.78,,,,,,,0.65,,,0.36,0.59,1,1,,,0.78,,,,,,0.67,,0.66,0.83,0.46,,,,0.59,,0.45,,0.58,,,,,,,,,,,,0.57,,,,,0.5,0.46,,,
e820293c-a1f9-40c4-aac2-0954e5053602,0.47,,0,,,0.65,,0.94,,,,0.59,,,,,,0.57,0.62,0.49,,,,,,0.75,0.77,,0.5,,,0.66,,0.73,,0.67,0.6,,,,0.55,,,,,0.62,,,,0.62,,,,0.4,,0.47,0.73,,0.72,,,0.79,,0.6,0.75,0.8,,0.44,,,0.48,,,,0.31,,,,,,,,0.39,0.5,0.94,,0.8,,,0.7,0.88,,,0.62,0.64,,,0.34,,0.58,,0.63,,,,,1,,0.86,,0.82,,,0.88,,0.62,,,0.38,,0.78,,,,0.63,0.64,,0.42,,,,0.57,0.42,,,,0.69,
c502220f-3428-4b9b-a3e4-8fe25ed0528d,,,,,,,,,,,,,,0.65,,,,0.52,,0.78,0.48,,,,0.69,,0.75,,,,,,,,,,,0.52,0.96,0.34,0.66,,,,,,0.84,,0.53,0.87,,,0.41,,0.74,,0.73,,,,,,,,0.65,,,0.95,,0.78,,,,,,0.4,,,,0.66,0.75,0.77,,0.71,,,,,,,0.55,,,0.77,0.91,,0.94,,0.72,,,,,,,0.35,,0.39,,,,,0.54,0.48,,,,,0.89,,,,,,,,,,,,0.76,,,0.68,,0.88,,
8c0ef1fc-13f2-49f1-a6d8-d6c2134e89ec,,,0.43,0.66,,0.59,,,0.56,,,0.44,,,0.52,0.65,,,,,0.8,,,,0.23,,0.68,,,,,0.39,0.82,,0.41,0.77,0.39,,0.4,,0.61,,0.4,,0.62,,,0.81,,,,0.76,,,0.41,,,,,,0.67,0.71,,,,,,0.48,,0.62,0.45,0.38,,0.25,,,0.22,0.49,,0.37,0.27,0.24,0.41,,,,,0.29,0.66,,,,,,,,,,0.4,,,0.55,0.47,,,,,,,,,0.73,0.72,,,,0.24,,0.43,,0.49,0.33,,,,,0.4,0.48,0.36,,,,,0.36,,,,0.28
